{
  "train_loss": [
    2.6772789387475875,
    1.4820411375590734,
    1.2441540644282387,
    1.0999488688650585,
    0.9908697803815206,
    0.9194508649054027,
    0.8601870536804199,
    0.8180235141799563,
    0.7898334122839428,
    0.773712212131137
  ],
  "val_loss": [
    1.7013461192448933,
    1.3971267541249592,
    1.259709636370341,
    1.1636661291122437,
    1.1122668584187825,
    1.0774346788724263,
    1.061508595943451,
    1.0495742162068684,
    1.0441134969393413,
    1.0402211944262187
  ],
  "best_val_loss": 1.0402211944262187,
  "training_time": 1709.1185986995697,
  "epochs": 10,
  "batch_size": 16,
  "learning_rate": 5e-05,
  "model_name": "Helsinki-NLP/opus-mt-en-mul",
  "from_scratch": false
}